{
  "pl.sda.mapy.School@4769b07b": [
    {
      "name": "Adam",
      "lastname": "Stępień",
      "school": {
        "name": "SP1",
        "city": "Torun"
      }
    },
    {
      "name": "wieslaw",
      "lastname": "Spioch",
      "school": {
        "name": "SP1",
        "city": "Torun"
      }
    },
    {
      "name": "Wiesiek",
      "lastname": "Field",
      "school": {
        "name": "SP1",
        "city": "Torun"
      }
    }
  ],
  "pl.sda.mapy.School@66a29884": [
    {
      "name": "maciej",
      "lastname": "Nowak",
      "school": {
        "name": "SP2",
        "city": "Tczew"
      }
    },
    {
      "name": "ziom",
      "lastname": "Kwoch",
      "school": {
        "name": "SP2",
        "city": "Tczew"
      }
    },
    {
      "name": "Maciej",
      "lastname": "Godlewski",
      "school": {
        "name": "SP2",
        "city": "Tczew"
      }
    }
  ],
  "pl.sda.mapy.School@1e80bfe8": [
    {
      "name": "jan",
      "lastname": "kowalski",
      "school": {
        "name": "SP3",
        "city": "Inowroclaw"
      }
    },
    {
      "name": "Daisy",
      "lastname": "Dog",
      "school": {
        "name": "SP3",
        "city": "Inowroclaw"
      }
    },
    {
      "name": "Adam",
      "lastname": "Goldbaum",
      "school": {
        "name": "SP3",
        "city": "Inowroclaw"
      }
    }
  ],
  "pl.sda.mapy.School@70177ecd": [
    {
      "name": "karyna",
      "lastname": "Brzęczyszczykiewicz",
      "school": {
        "name": "SP4",
        "city": "Krakow"
      }
    },
    {
      "name": "monika",
      "lastname": "ZZZ",
      "school": {
        "name": "SP4",
        "city": "Krakow"
      }
    },
    {
      "name": "Dominika",
      "lastname": "Abram",
      "school": {
        "name": "SP4",
        "city": "Krakow"
      }
    },
    {
      "name": "bodzio",
      "lastname": "Miś",
      "school": {
        "name": "SP4",
        "city": "Krakow"
      }
    }
  ]
}