[
  {
    "name": "Adam",
    "lastname": "Stępień",
    "age": 26,
    "bankAccount": {
      "id": 1,
      "accountNumber": 5555,
      "name": "BankDlaBogatych",
      "balance": 6555.0
    }
  },
  {
    "name": "Dominika",
    "lastname": "Cieś",
    "age": 21,
    "bankAccount": {
      "id": 2,
      "accountNumber": 3242,
      "name": "BankNowoczesny",
      "balance": 2523.0
    }
  },
  {
    "name": "Daisy",
    "lastname": "Dog",
    "age": 12,
    "bankAccount": {
      "id": 3,
      "accountNumber": 1005,
      "name": "Bank",
      "balance": 23.0
    }
  },
  {
    "name": "Roman",
    "lastname": "Romański",
    "age": 44,
    "bankAccount": {
      "id": 4,
      "accountNumber": 3528,
      "name": "BigBank",
      "balance": 624.0
    }
  }
]